<?xml version="1.0" encoding="UTF-8" standalone="yes"?>
<addon id="script.module.denon-dra-f109-remote" name="Denon-DRA-F109-Remote" version="0.0.1" provider-name="heckie75">
	<requires>
		<import addon="xbmc.python" version="2.25.0"/>
	</requires>
	<extension point="xbmc.python.module" library="lib" />
	<extension point="xbmc.addon.metadata">
		<summary lang="en">Serial interface to DENON DRA-F109</summary>
		<description lang="en">Serial interface to DENON DRA-F109</description>
		<platform>linux</platform>
		<license></license>
		<source></source>
	</extension>
</addon>
