<?xml version="1.0" encoding="UTF-8" standalone="yes"?>
<addon id="plugin.audio.denon-dra-f109-remote" name="Denon DRA-F109 Remote" version="0.0.1"
	provider-name="Heckie">
	<requires>
		<import addon="xbmc.python" version="2.25.0" />
		<import addon="xmbc.gui" version="5.12.0" />
		<import addon="xmbc.json" version="7.0.0" />
		<import addon="xmbc.metadata" version="2.1.0" />
		<import addon="xmbc.addon" version="17.0.0" />
		<import addon="script.module.denon-dra-f109-remote" version="0.0.1" />
	</requires>
	<extension point="xbmc.python.pluginsource" library="addon.py">
		<provides>audio</provides>
	</extension>
	<extension point="xbmc.addon.metadata">
		<summary lang="en_gb">Addon for controlling Denon DRA-F109 directly in
			Kodi</summary>
		<description lang="en_gb">Addon for controlling Denon DRA-F109
			directly in Kodi</description>
		<disclaimer lang="en_gb"></disclaimer>
		<language></language>
		<platform>linux</platform>
		<license></license>
		<forum></forum>
		<website></website>
		<email></email>
		<source></source>
		<news>v0.0.1 (2017-08-06)
		- development starts
		</news>
		<assets>
			<icon>icon.png</icon>
			<fanart>fanart.png</fanart>
			<screenshot>resources/assets/screen_01_overview.png</screenshot>
			<screenshot>resources/assets/screen_02_presets.png</screenshot>
			<screenshot>resources/assets/screen_03_power.png</screenshot>
			<screenshot>resources/assets/screen_04_sleep.png</screenshot>
			<screenshot>resources/assets/screen_05_sound.png</screenshot>
			<screenshot>resources/assets/screen_06_timers.png</screenshot>
			<screenshot>resources/assets/screen_07_volume.png</screenshot>
			<screenshot>resources/assets/screen_settings_01_device.png</screenshot>
			<screenshot>resources/assets/screen_settings_02_sources.png</screenshot>
			<screenshot>resources/assets/screen_settings_03_labels.png</screenshot>
			<screenshot>resources/assets/screen_settings_04_presets.png</screenshot>
			<screenshot>resources/assets/screen_settings_05_sound.png</screenshot>
			<screenshot>resources/assets/screen_settings_06_timers.png</screenshot>
			<screenshot>resources/assets/screen_settings_07_timers2.png</screenshot>
			<screenshot>resources/assets/screen_settings_08_smart.png</screenshot>
		</assets>
	</extension>
</addon>