<?xml version="1.0" encoding="UTF-8" standalone="yes"?>
<addon id="script.service.denon-dra-f109-remote" name="Denon DRA-F109 Remote (autoswitch)" version="0.0.1"
	provider-name="Heckie">
	<requires>
		<import addon="xbmc.python" version="2.25.0" />
		<import addon="xmbc.addon" version="17.0.0" />
		<import addon="script.module.denon-dra-f109-remote" version="0.0.1" />
	</requires>
	<extension point="xbmc.service" library="service.py" start="login" />
    <extension point="xbmc.addon.metadata">
        <platform>linux</platform>
        <summary lang="en"></summary>
    </extension>	
</addon>